File_name,Column_names,id,keepID,,,,
channel URL configs.csv,Channel ID,channel_URL_configs:Channel_ID,channel_URL_configs:Channel_ID,,,,
channel URL configs.csv,Channel Vanity URL 1 Name,channel_URL_configs:Channel_Vanity_URL_1_Name,channel_URL_configs:Channel_Vanity_URL_1_Name,,,,
channel URL configs.csv,Channel Vanity URL 2 Name,channel_URL_configs:Channel_Vanity_URL_2_Name,channel_URL_configs:Channel_Vanity_URL_2_Name,,,,
channel community moderation settings.csv,Channel ID,channel_community_moderation_settings:Channel_ID,channel_community_moderation_settings:Channel_ID,,,,
channel feature data.csv,Channel ID,channel_feature_data:Channel_ID,channel_feature_data:Channel_ID,,,,
channel feature data.csv,Channel Auto Moderation in Live Chat,channel_feature_data:Channel_Auto_Moderation_in_Live_Chat,channel_feature_data:Channel_Auto_Moderation_in_Live_Chat,,,,
channel feature data.csv,Video Default Allowed Comments Type,channel_feature_data:Video_Default_Allowed_Comments_Type,channel_feature_data:Video_Default_Allowed_Comments_Type,,,,
channel feature data.csv,Video Default Targeted Audience,channel_feature_data:Video_Default_Targeted_Audience,channel_feature_data:Video_Default_Targeted_Audience,,,,
channel feature data.csv,Video Default License,channel_feature_data:Video_Default_License,channel_feature_data:Video_Default_License,,,,
channel feature data.csv,Video Default Location Latitude,channel_feature_data:Video_Default_Location_Latitude,,,,,
channel feature data.csv,Video Default Location Longitude,channel_feature_data:Video_Default_Location_Longitude,,,,,
channel page settings.csv,Channel ID,channel_page_settings:Channel_ID,channel_page_settings:Channel_ID,,,,
channel.csv,Channel ID,channel:Channel_ID,channel:Channel_ID,,,,
channel.csv,Channel Title (Original),channel:Channel_Title_(Original),channel:Channel_Title_(Original),,,,
channel.csv,Channel Visibility,channel:Channel_Visibility,channel:Channel_Visibility,,,,
video recordings.csv,Video ID,video_recordings:Video_ID,,,,,
video recordings.csv,Video Recording Altitude,video_recordings:Video_Recording_Altitude,,,,,
video recordings.csv,Video Recording Latitude,video_recordings:Video_Recording_Latitude,,,,,
video recordings.csv,Video Recording Longitude,video_recordings:Video_Recording_Longitude,,,,,
videos.csv,Video ID,videos:Video_ID,videos:Video_ID,,,,
videos.csv,Approx Duration (ms),videos:Approx_Duration_(ms),videos:Approx_Duration_(ms),,,,
videos.csv,Video Audio Language,videos:Video_Audio_Language,videos:Video_Audio_Language,,,,
videos.csv,Video Category,videos:Video_Category,videos:Video_Category,,,,
videos.csv,Video Description (Original),videos:Video_Description_(Original),videos:Video_Description_(Original),,,,
videos.csv,Channel ID,videos:Channel_ID,videos:Channel_ID,,,,
videos.csv,Video Title (Original),videos:Video_Title_(Original),videos:Video_Title_(Original),,,,
videos.csv,Privacy,videos:Privacy,videos:Privacy,,,,
videos.csv,Video State,videos:Video_State,videos:Video_State,,,,
videos.csv,Video Create Timestamp,videos:Video_Create_Timestamp,videos:Video_Create_Timestamp,,,,
videos.csv,Video Publish Timestamp,videos:Video_Publish_Timestamp,videos:Video_Publish_Timestamp,,,,
comments.csv,Comment ID,comments:Comment_ID,comments:Comment_ID,,,,
comments.csv,Channel ID,comments:Channel_ID,comments:Channel_ID,,,,
comments.csv,Comment Create Timestamp,comments:Comment_Create_Timestamp,comments:Comment_Create_Timestamp,,,,
comments.csv,Price,comments:Price,comments:Price,,,,
comments.csv,Video ID,comments:Video_ID,comments:Video_ID,,,,
comments.csv,Comment Text,comments:Comment_Text,comments:Comment_Text,,,,
subscriptions.csv,Channel Id,subscriptions:Channel_Id,subscriptions:Channel_Id,,,,
subscriptions.csv,Channel Url,subscriptions:Channel_Url,subscriptions:Channel_Url,,,,
subscriptions.csv,Channel Title,subscriptions:Channel_Title,subscriptions:Channel_Title,,,,
Favorites-videos.csv,Video ID,Favorites-videos:Video_ID,Favorites-videos:Video_ID,,,,
Favorites-videos.csv,Playlist Video Creation Timestamp,Favorites-videos:Playlist_Video_Creation_Timestamp,Favorites-videos:Playlist_Video_Creation_Timestamp,,,,
Watch later-videos.csv,Video ID,Watch_later-videos:Video_ID,Watch_later-videos:Video_ID,,,,
Watch later-videos.csv,Playlist Video Creation Timestamp,Watch_later-videos:Playlist_Video_Creation_Timestamp,Watch_later-videos:Playlist_Video_Creation_Timestamp,,,,
crochet-videos.csv,Video ID,crochet-videos:Video_ID,crochet-videos:Video_ID,,,,
crochet-videos.csv,Playlist Video Creation Timestamp,crochet-videos:Playlist_Video_Creation_Timestamp,crochet-videos:Playlist_Video_Creation_Timestamp,,,,
playlists.csv,Playlist ID,playlists:Playlist_ID,playlists:Playlist_ID,,,,
playlists.csv,Add new videos to top,playlists:Add_new_videos_to_top,playlists:Add_new_videos_to_top,,,,
playlists.csv,Playlist Title (Original),playlists:Playlist_Title_(Original),playlists:Playlist_Title_(Original),,,,
playlists.csv,Playlist Title (Original) Language,playlists:Playlist_Title_(Original)_Language,playlists:Playlist_Title_(Original)_Language,,,,
playlists.csv,Playlist Create Timestamp,playlists:Playlist_Create_Timestamp,playlists:Playlist_Create_Timestamp,,,,
playlists.csv,Playlist Update Timestamp,playlists:Playlist_Update_Timestamp,playlists:Playlist_Update_Timestamp,,,,
playlists.csv,Playlist Video Order,playlists:Playlist_Video_Order,playlists:Playlist_Video_Order,,,,
playlists.csv,Playlist Visibility,playlists:Playlist_Visibility,playlists:Playlist_Visibility,,,,
canal.csv,ID-ul canalului,canal:ID-ul_canalului,channel:Channel_ID,,,,
canal.csv,Titlul canalului (original),canal:Titlul_canalului_(original),channel:Channel_Title_(Original),,,,
canal.csv,Vizibilitatea canalului,canal:Vizibilitatea_canalului,channel:Channel_Visibility,,,,
configura»õii pentru adresa URL a canalului.csv,ID-ul canalului,configura»õii_pentru_adresa_URL_a_canalului:ID-ul_canalului,channel_URL_configs:Channel_ID,,,,
configura»õii pentru adresa URL a canalului.csv,Numele adresei URL personalizate a canalului 1,configura»õii_pentru_adresa_URL_a_canalului:Numele_adresei_URL_personalizate_a_canalului_1,channel_URL_configs:Channel_Vanity_URL_1_Name,,,,
date despre func»õiile canalului.csv,ID-ul canalului,date_despre_func»õiile_canalului:ID-ul_canalului,channel_feature_data:Channel_ID,,,,
date despre func»õiile canalului.csv,Moderare automatƒÉ a canalului √Æn chatul live,date_despre_func»õiile_canalului:Moderare_automatƒÉ_a_canalului_√Æn_chatul_live,channel_feature_data:Channel_Auto_Moderation_in_Live_Chat,,,,
date despre func»õiile canalului.csv,Tipul prestabilit de comentarii permise ale videoclipului,date_despre_func»õiile_canalului:Tipul_prestabilit_de_comentarii_permise_ale_videoclipului,channel_feature_data:Video_Default_Allowed_Comments_Type,,,,
date despre func»õiile canalului.csv,Publicul vizat prestabilit al videoclipului,date_despre_func»õiile_canalului:Publicul_vizat_prestabilit_al_videoclipului,channel_feature_data:Video_Default_Targeted_Audience,,,,
date despre func»õiile canalului.csv,Licen»õa prestabilitƒÉ a videoclipului,date_despre_func»õiile_canalului:Licen»õa_prestabilitƒÉ_a_videoclipului,channel_feature_data:Video_Default_License,,,,
date despre func»õiile canalului.csv,Latitudinea prestabilitƒÉ a videoclipului,date_despre_func»õiile_canalului:Latitudinea_prestabilitƒÉ_a_videoclipului,,,,,
date despre func»õiile canalului.csv,Longitudinea prestabilitƒÉ a videoclipului,date_despre_func»õiile_canalului:Longitudinea_prestabilitƒÉ_a_videoclipului,,,,,
setƒÉri de moderare a comunitƒÉ»õii canalului.csv,ID-ul canalului,setƒÉri_de_moderare_a_comunitƒÉ»õii_canalului:ID-ul_canalului,channel_community_moderation_settings:Channel_ID,,,,
setƒÉrile paginii de canal.csv,ID-ul canalului,setƒÉrile_paginii_de_canal:ID-ul_canalului,channel_page_settings:Channel_ID,,,,
abonamente.csv,ID-ul canalului,abonamente:ID-ul_canalului,subscriptions:Channel_Id,,,,
abonamente.csv,Adresa URL a canalului,abonamente:Adresa_URL_a_canalului,subscriptions:Channel_Url,,,,
abonamente.csv,Titlul canalului,abonamente:Titlul_canalului,subscriptions:Channel_Title,,,,
prenumeratos.csv,Kanalo ID,prenumeratos:Kanalo_ID,subscriptions:Channel_Id,,,,
prenumeratos.csv,Kanalo URL,prenumeratos:Kanalo_URL,subscriptions:Channel_Url,,,,
prenumeratos.csv,Kanalo pavadinimas,prenumeratos:Kanalo_pavadinimas,subscriptions:Channel_Title,,,,
kanalas.csv,Kanalo ID,kanalas:Kanalo_ID,channel:Channel_ID,,,,
kanalas.csv,Kanalo pavadinimas (pradinis),kanalas:Kanalo_pavadinimas_(pradinis),channel:Channel_Title_(Original),,,,
kanalas.csv,Kanalo matomumas,kanalas:Kanalo_matomumas,channel:Channel_Visibility,,,,
kanalo URL konfig≈´racijos.csv,Kanalo ID,kanalo_URL_konfig≈´racijos:Kanalo_ID,channel_URL_configs:Channel_ID,,,,
kanalo URL konfig≈´racijos.csv,1 kanalo reklaminio URL pavadinimas,kanalo_URL_konfig≈´racijos:1_kanalo_reklaminio_URL_pavadinimas,channel_URL_configs:Channel_Vanity_URL_1_Name,,,,
kanalo bendruomenƒós moderavimo nustatymai.csv,Kanalo ID,kanalo_bendruomenƒós_moderavimo_nustatymai:Kanalo_ID,channel_community_moderation_settings:Channel_ID,,,,
kanalo funkcij≈≥ duomenys.csv,Kanalo ID,kanalo_funkcij≈≥_duomenys:Kanalo_ID,channel_feature_data:Channel_ID,,,,
kanalo funkcij≈≥ duomenys.csv,Automatinis kanalo moderavimas tiesioginiame pokalbyje,kanalo_funkcij≈≥_duomenys:Automatinis_kanalo_moderavimas_tiesioginiame_pokalbyje,channel_feature_data:Channel_Auto_Moderation_in_Live_Chat,,,,
kanalo funkcij≈≥ duomenys.csv,Numatytasis vaizdo ƒØra≈°o leid≈æiam≈≥ komentar≈≥ tipas,kanalo_funkcij≈≥_duomenys:Numatytasis_vaizdo_ƒØra≈°o_leid≈æiam≈≥_komentar≈≥_tipas,channel_feature_data:Video_Default_Allowed_Comments_Type,,,,
kanalo funkcij≈≥ duomenys.csv,Numatytoji vaizdo ƒØra≈°o tikslinƒó auditorija,kanalo_funkcij≈≥_duomenys:Numatytoji_vaizdo_ƒØra≈°o_tikslinƒó_auditorija,channel_feature_data:Video_Default_Targeted_Audience,,,,
kanalo funkcij≈≥ duomenys.csv,Numatytoji vaizdo ƒØra≈°o licencija,kanalo_funkcij≈≥_duomenys:Numatytoji_vaizdo_ƒØra≈°o_licencija,channel_feature_data:Video_Default_License,,,,
kanalo funkcij≈≥ duomenys.csv,Numatytoji vaizdo ƒØra≈°o vietovƒós platuma,kanalo_funkcij≈≥_duomenys:Numatytoji_vaizdo_ƒØra≈°o_vietovƒós_platuma,,,,,
kanalo funkcij≈≥ duomenys.csv,Numatytoji vaizdo ƒØra≈°o vietovƒós ilguma,kanalo_funkcij≈≥_duomenys:Numatytoji_vaizdo_ƒØra≈°o_vietovƒós_ilguma,,,,,
kanalo puslapio nustatymai.csv,Kanalo ID,kanalo_puslapio_nustatymai:Kanalo_ID,channel_page_settings:Channel_ID,,,,
suscripciones.csv,ID del canal,suscripciones:ID_del_canal,subscriptions:Channel_Id,,,,
suscripciones.csv,URL del canal,suscripciones:URL_del_canal,subscriptions:Channel_Url,,,,
suscripciones.csv,T√≠tulo del canal,suscripciones:T√≠tulo_del_canal,subscriptions:Channel_Title,,,,
Ajustes de moderaci√≥n de la comunidad del canal.csv,ID de canal,Ajustes_de_moderaci√≥n_de_la_comunidad_del_canal:ID_de_canal,channel_community_moderation_settings:Channel_ID,,,,
canal.csv,ID de canal,canal:ID_de_canal,channel:Channel_ID,,,,
canal.csv,T√≠tulo del canal (original),canal:T√≠tulo_del_canal_(original),channel:Channel_Title_(Original),,,,
canal.csv,Visibilidad del canal,canal:Visibilidad_del_canal,channel:Channel_Visibility,,,,
configuraciones de la URL del canal.csv,ID de canal,configuraciones_de_la_URL_del_canal:ID_de_canal,channel_URL_configs:Channel_ID,,,,
configuraciones de la URL del canal.csv,Nombre de la URL mnem√≥nica del canal (1),configuraciones_de_la_URL_del_canal:Nombre_de_la_URL_mnem√≥nica_del_canal_(1),channel_URL_configs:Channel_Vanity_URL_1_Name,,,,
configuraci√≥n de la p√°gina del canal.csv,ID de canal,configuraci√≥n_de_la_p√°gina_del_canal:ID_de_canal,channel_page_settings:Channel_ID,,,,
datos de la funci√≥n del canal.csv,ID de canal,datos_de_la_funci√≥n_del_canal:ID_de_canal,channel_feature_data:Channel_ID,,,,
datos de la funci√≥n del canal.csv,Moderaci√≥n autom√°tica del canal en el chat en directo,datos_de_la_funci√≥n_del_canal:Moderaci√≥n_autom√°tica_del_canal_en_el_chat_en_directo,channel_feature_data:Channel_Auto_Moderation_in_Live_Chat,,,,
datos de la funci√≥n del canal.csv,Tipo de comentarios permitidos de forma predeterminada en el v√≠deo,datos_de_la_funci√≥n_del_canal:Tipo_de_comentarios_permitidos_de_forma_predeterminada_en_el_v√≠deo,channel_feature_data:Video_Default_Allowed_Comments_Type,,,,
datos de la funci√≥n del canal.csv,Audiencia objetivo predeterminada del v√≠deo,datos_de_la_funci√≥n_del_canal:Audiencia_objetivo_predeterminada_del_v√≠deo,channel_feature_data:Video_Default_Targeted_Audience,,,,
datos de la funci√≥n del canal.csv,Licencia del v√≠deo predeterminada,datos_de_la_funci√≥n_del_canal:Licencia_del_v√≠deo_predeterminada,channel_feature_data:Video_Default_License,,,,
datos de la funci√≥n del canal.csv,Latitud de la ubicaci√≥n predeterminada del v√≠deo,datos_de_la_funci√≥n_del_canal:Latitud_de_la_ubicaci√≥n_predeterminada_del_v√≠deo,,,,,
datos de la funci√≥n del canal.csv,Longitud de la ubicaci√≥n predeterminada del v√≠deo,datos_de_la_funci√≥n_del_canal:Longitud_de_la_ubicaci√≥n_predeterminada_del_v√≠deo,,,,,
Ajustes de moderacioÃÅn de la comunidad del canal.csv,ID de canal,Ajustes_de_moderacioÃÅn_de_la_comunidad_del_canal:ID_de_canal,channel_community_moderation_settings:Channel_ID,,,,
configuraciones de la URL del canal.csv,Nombre de la URL mnem√≥nica del canal (2),configuraciones_de_la_URL_del_canal:Nombre_de_la_URL_mnem√≥nica_del_canal_(2),channel_URL_configs:Channel_Vanity_URL_2_Name,,,,
configuracioÃÅn de la paÃÅgina del canal.csv,ID de canal,configuracioÃÅn_de_la_paÃÅgina_del_canal:ID_de_canal,channel_page_settings:Channel_ID,,,,
datos de la funcioÃÅn del canal.csv,ID de canal,datos_de_la_funcioÃÅn_del_canal:ID_de_canal,channel_feature_data:Channel_ID,,,,
datos de la funcioÃÅn del canal.csv,Moderaci√≥n autom√°tica del canal en el chat en directo,datos_de_la_funcioÃÅn_del_canal:Moderaci√≥n_autom√°tica_del_canal_en_el_chat_en_directo,channel_feature_data:Channel_Auto_Moderation_in_Live_Chat,,,,
datos de la funcioÃÅn del canal.csv,Tipo de comentarios permitidos de forma predeterminada en el v√≠deo,datos_de_la_funcioÃÅn_del_canal:Tipo_de_comentarios_permitidos_de_forma_predeterminada_en_el_v√≠deo,channel_feature_data:Video_Default_Allowed_Comments_Type,,,,
datos de la funcioÃÅn del canal.csv,Audiencia objetivo predeterminada del v√≠deo,datos_de_la_funcioÃÅn_del_canal:Audiencia_objetivo_predeterminada_del_v√≠deo,channel_feature_data:Video_Default_Targeted_Audience,,,,
datos de la funcioÃÅn del canal.csv,Licencia del v√≠deo predeterminada,datos_de_la_funcioÃÅn_del_canal:Licencia_del_v√≠deo_predeterminada,channel_feature_data:Video_Default_License,,,,
datos de la funcioÃÅn del canal.csv,Latitud de la ubicaci√≥n predeterminada del v√≠deo,datos_de_la_funcioÃÅn_del_canal:Latitud_de_la_ubicaci√≥n_predeterminada_del_v√≠deo,,,,,
datos de la funcioÃÅn del canal.csv,Longitud de la ubicaci√≥n predeterminada del v√≠deo,datos_de_la_funcioÃÅn_del_canal:Longitud_de_la_ubicaci√≥n_predeterminada_del_v√≠deo,,,,,
grabaciones de viÃÅdeo.csv,ID de v√≠deo,grabaciones_de_viÃÅdeo:ID_de_v√≠deo,,,,,
grabaciones de viÃÅdeo.csv,Altitud de grabaci√≥n del v√≠deo,grabaciones_de_viÃÅdeo:Altitud_de_grabaci√≥n_del_v√≠deo,,,,,
grabaciones de viÃÅdeo.csv,Latitud de grabaci√≥n del v√≠deo,grabaciones_de_viÃÅdeo:Latitud_de_grabaci√≥n_del_v√≠deo,,,,,
grabaciones de viÃÅdeo.csv,Longitud de grabaci√≥n del v√≠deo,grabaciones_de_viÃÅdeo:Longitud_de_grabaci√≥n_del_v√≠deo,,,,,
viÃÅdeos.csv,ID de v√≠deo,viÃÅdeos:ID_de_v√≠deo,videos:Video_ID,,,,
viÃÅdeos.csv,Duraci√≥n aproximada (ms),viÃÅdeos:Duraci√≥n_aproximada_(ms),videos:Approx_Duration_(ms),,,,
viÃÅdeos.csv,Idioma del audio del v√≠deo,viÃÅdeos:Idioma_del_audio_del_v√≠deo,videos:Video_Audio_Language,,,,
viÃÅdeos.csv,Categor√≠a del v√≠deo,viÃÅdeos:Categor√≠a_del_v√≠deo,videos:Video_Category,,,,
viÃÅdeos.csv,Descripci√≥n del v√≠deo (original),viÃÅdeos:Descripci√≥n_del_v√≠deo_(original),videos:Video_Description_(Original),,,,
viÃÅdeos.csv,ID de canal,viÃÅdeos:ID_de_canal,videos:Channel_ID,,,,
viÃÅdeos.csv,T√≠tulo del v√≠deo (original),viÃÅdeos:T√≠tulo_del_v√≠deo_(original),videos:Video_Title_(Original),,,,
viÃÅdeos.csv,Privacidad,viÃÅdeos:Privacidad,videos:Privacy,,,,
viÃÅdeos.csv,Estado del v√≠deo,viÃÅdeos:Estado_del_v√≠deo,videos:Video_State,,,,
viÃÅdeos.csv,Marca de tiempo de creaci√≥n del v√≠deo,viÃÅdeos:Marca_de_tiempo_de_creaci√≥n_del_v√≠deo,videos:Video_Create_Timestamp,,,,
viÃÅdeos.csv,Marca de tiempo de publicaci√≥n del v√≠deo,viÃÅdeos:Marca_de_tiempo_de_publicaci√≥n_del_v√≠deo,videos:Video_Publish_Timestamp,,,,
comentarios.csv,ID de comentario,comentarios:ID_de_comentario,comments:Comment_ID,,,,
comentarios.csv,ID de canal,comentarios:ID_de_canal,comments:Channel_ID,,,,
comentarios.csv,Marca de tiempo de creaci√≥n del comentario,comentarios:Marca_de_tiempo_de_creaci√≥n_del_comentario,comments:Comment_Create_Timestamp,,,,
comentarios.csv,Precio,comentarios:Precio,comments:Price,,,,
comentarios.csv,ID de v√≠deo,comentarios:ID_de_v√≠deo,comments:Video_ID,,,,
comentarios.csv,Texto del comentario,comentarios:Texto_del_comentario,comments:Comment_Text,,,,
Favorites-viÃÅdeos.csv,ID de v√≠deo,Favorites-viÃÅdeos:ID_de_v√≠deo,Favorites-videos:Video_ID,,,,
Favorites-viÃÅdeos.csv,Marca de tiempo de creaci√≥n de la lista de reproducci√≥n de v√≠deos,Favorites-viÃÅdeos:Marca_de_tiempo_de_creaci√≥n_de_la_lista_de_reproducci√≥n_de_v√≠deos,Favorites-videos:Playlist_Video_Creation_Timestamp,,,,
Listas de reproduccioÃÅn.csv,ID de lista de reproducci√≥n,Listas_de_reproduccioÃÅn:ID_de_lista_de_reproducci√≥n,playlists:Playlist_ID,,,,
Listas de reproduccioÃÅn.csv,A√±adir v√≠deos nuevos al principio,Listas_de_reproduccioÃÅn:A√±adir_v√≠deos_nuevos_al_principio,playlists:Add_new_videos_to_top,,,,
Listas de reproduccioÃÅn.csv,T√≠tulo de la lista de reproducci√≥n (original),Listas_de_reproduccioÃÅn:T√≠tulo_de_la_lista_de_reproducci√≥n_(original),playlists:Playlist_Title_(Original),,,,
Listas de reproduccioÃÅn.csv,Idioma del t√≠tulo de la lista de reproducci√≥n (original),Listas_de_reproduccioÃÅn:Idioma_del_t√≠tulo_de_la_lista_de_reproducci√≥n_(original),playlists:Playlist_Title_(Original)_Language,,,,
Listas de reproduccioÃÅn.csv,Marca de tiempo de creaci√≥n de la lista de reproducci√≥n,Listas_de_reproduccioÃÅn:Marca_de_tiempo_de_creaci√≥n_de_la_lista_de_reproducci√≥n,playlists:Playlist_Create_Timestamp,,,,
Listas de reproduccioÃÅn.csv,Marca de tiempo de actualizaci√≥n de la lista de reproducci√≥n,Listas_de_reproduccioÃÅn:Marca_de_tiempo_de_actualizaci√≥n_de_la_lista_de_reproducci√≥n,playlists:Playlist_Update_Timestamp,,,,
Listas de reproduccioÃÅn.csv,Orden de v√≠deos de lista de reproducci√≥n,Listas_de_reproduccioÃÅn:Orden_de_v√≠deos_de_lista_de_reproducci√≥n,playlists:Playlist_Video_Order,,,,
Listas de reproduccioÃÅn.csv,Visibilidad de la lista de reproducci√≥n,Listas_de_reproduccioÃÅn:Visibilidad_de_la_lista_de_reproducci√≥n,playlists:Playlist_Visibility,,,,
Watch later-viÃÅdeos.csv,ID de v√≠deo,Watch_later-viÃÅdeos:ID_de_v√≠deo,Watch_later-videos:Video_ID,,,,
Watch later-viÃÅdeos.csv,Marca de tiempo de creaci√≥n de la lista de reproducci√≥n de v√≠deos,Watch_later-viÃÅdeos:Marca_de_tiempo_de_creaci√≥n_de_la_lista_de_reproducci√≥n_de_v√≠deos,Watch_later-videos:Playlist_Video_Creation_Timestamp,,,,
crochet-viÃÅdeos.csv,ID de v√≠deo,crochet-viÃÅdeos:ID_de_v√≠deo,crochet-videos:Video_ID,,,,
crochet-viÃÅdeos.csv,Marca de tiempo de creaci√≥n de la lista de reproducci√≥n de v√≠deos,crochet-viÃÅdeos:Marca_de_tiempo_de_creaci√≥n_de_la_lista_de_reproducci√≥n_de_v√≠deos,crochet-videos:Playlist_Video_Creation_Timestamp,,,,
URL-configuraties van kanaal.csv,Kanaal-ID,URL-configuraties_van_kanaal:Kanaal-ID,channel_URL_configs:Channel_ID,,,,
URL-configuraties van kanaal.csv,Naam van vanity-URL 1 voor kanaal,URL-configuraties_van_kanaal:Naam_van_vanity-URL_1_voor_kanaal,channel_URL_configs:Channel_Vanity_URL_1_Name,,,,
gegevens voor kanaalfunctie.csv,Kanaal-ID,gegevens_voor_kanaalfunctie:Kanaal-ID,channel_feature_data:Channel_ID,,,,
gegevens voor kanaalfunctie.csv,Automatische moderatie in live chat van kanaal,gegevens_voor_kanaalfunctie:Automatische_moderatie_in_live_chat_van_kanaal,channel_feature_data:Channel_Auto_Moderation_in_Live_Chat,,,,
gegevens voor kanaalfunctie.csv,Standaard toegestane reactietype van video,gegevens_voor_kanaalfunctie:Standaard_toegestane_reactietype_van_video,channel_feature_data:Video_Default_Allowed_Comments_Type,,,,
gegevens voor kanaalfunctie.csv,Standaard doelgroep van video,gegevens_voor_kanaalfunctie:Standaard_doelgroep_van_video,channel_feature_data:Video_Default_Targeted_Audience,,,,
gegevens voor kanaalfunctie.csv,Standaardlicentie van video,gegevens_voor_kanaalfunctie:Standaardlicentie_van_video,channel_feature_data:Video_Default_License,,,,
gegevens voor kanaalfunctie.csv,Standaardbreedtegraad van videolocatie,gegevens_voor_kanaalfunctie:Standaardbreedtegraad_van_videolocatie,,,,,
gegevens voor kanaalfunctie.csv,Standaardlengtegraad van videolocatie,gegevens_voor_kanaalfunctie:Standaardlengtegraad_van_videolocatie,,,,,
instellingen voor het beheer van je kanaalcommu.csv,Kanaal-ID,instellingen_voor_het_beheer_van_je_kanaalcommu:Kanaal-ID,channel_community_moderation_settings:Channel_ID,,,,
instellingen voor kanaalpagina.csv,Kanaal-ID,instellingen_voor_kanaalpagina:Kanaal-ID,channel_page_settings:Channel_ID,,,,
kanaal.csv,Kanaal-ID,kanaal:Kanaal-ID,channel:Channel_ID,,,,
kanaal.csv,(Originele) kanaaltitel,kanaal:(Originele)_kanaaltitel,channel:Channel_Title_(Original),,,,
kanaal.csv,Kanaalzichtbaarheid,kanaal:Kanaalzichtbaarheid,channel:Channel_Visibility,,,,
abonnementen.csv,Kanaal-ID,abonnementen:Kanaal-ID,subscriptions:Channel_Id,,,,
abonnementen.csv,Kanaal-URL,abonnementen:Kanaal-URL,subscriptions:Channel_Url,,,,
abonnementen.csv,Kanaaltitel,abonnementen:Kanaaltitel,subscriptions:Channel_Title,,,,